{"StateCode":{"0":0.2181818182},"medianFamilyIncome":{"0":0.2665698278},"medianHouseIncome":{"0":0.2726296307},"medianHouseholdCosts":{"0":0.3140726934},"medianNonFamIncome":{"0":0.1973313794},"medianRealEstateTax":{"0":0.1107928389},"medianWorkerIncome":{"0":0.2858117955},"population":{"0":0.0035442993},"totalHouses":{"0":0.0081079667},"workers":{"0":0.0167891483},"meanIncome":{"0":0.0041863654},"medianAge":{"0":0.2558139535},"medianIncome":{"0":0.0041863654},"povertyPop":{"0":0.0042704715},"Stadium":{"0":0.0}}